id	author	title	year	why
20141209	Woolf, Virginia	Orlando: A Biography	1928	Woolf: modernist fiction, short stories as the 1943 collection only
20240507	Kerouac, Jack	The Dharma Bums	1958	Kerouac: on the wanted list
20111007	Lewis, Wyndham	The Wild Body.  A Soldier of Humour and Other Stories	1927	Wyndham Lewis: on the wanted list, fiction only (Wild Body as the whole collection)
20210280	Macaulay, Rose (Emilie Rose)	The Towers of Trebizond	1956	Rose Macaulay: peer, ironic literary novels
20200350	O'Nolan, Brian	At Swim-two-birds	1939	Flann O'Brien: on the wanted list
20171116	Rawlings, Marjorie Kinnan	The Yearling	1938	Rawlings: peer, Southern regional prose
20210726	Wolfe, Thomas	Of Time and the River	1935	Thomas Wolfe: peer
20230630	Benson, Stella	The Poor Man	1923	Stella Benson: peer, strange literary fiction
20200448	Ford, Ford Madox	Ladies Whose Bright Eyes (second edition)	1935	Ford Madox Ford: peer, Parade's End plus one late novel
