F	20090301
F	20200830
F	20191227
F	20210404
F	20150565
F	20220731
F	20220726
F	20120938
F	20210862
F	20200973
F	20140326
F	20141201
F	20141232
F	20161102
F	20140726
F	20140509
F	20150649
F	20130625
F	20130912
F	20200535
F	20110336
F	20170202
F	20131031
F	20130831
F	20130646
F	20181213
F	20120925
F	20110611
F	20130101
F	20121017
F	20240126
F	20210217
F	20150339
F	20180244
F	20120511
F	20160545
F	20180440
F	20181110
F	20250845
F	20251125
F	20240146
F	20110107
F	20150633
F	20200984
F	20201145
F	20201142
F	20201229
F	20220707
F	20201053
F	20210153
F	20210285
F	20210124
F	20191105
F	20240147
F	20130801
F	20071208
T	20251029
T	20201046
T	20201051
T	20200918
T	20250227
T	20230226
T	20220852
T	20230241
T	20250119
T	20230224
T	20230225
T	20230230
T	20230235
T	20230301
T	20230310
T	20260533
T	20180614
T	20210470
T	20210472
T	20210474
T	20210471
T	20210473
T	20121135
T	20260907
T	20140862
T	20220113
T	20160622
T	20190546
T	20170901
T	20170917
T	20170911
T	20201244
T	20170832
T	20170822
T	20210107
T	20210709
T	20211219
T	20211140
T	20200245
T	20160819
T	20200903
T	20191138
T	20210239
T	20260838
T	20200957
T	20170815
T	20200244
T	20210118
T	20160704
T	20200133
T	20150701
T	20150665
T	20191103
T	20191031
T	20201133
T	20190910
T	20170562
T	20210282
T	20160914
T	20240711
T	20210164
T	20210938
T	20210715
T	20161006
T	20170909
T	20140320
T	20150807
T	20181018
T	20150414
T	20220535
T	20221240
T	20220541
T	20230427
T	20230444
T	20250310
T	20220550
T	20240124
T	20230440
T	20180101
T	20151107
T	20260449
T	20130528
T	20170424
T	20220217
T	20220904
T	20170563
T	20130513
T	20151119
T	20150329
T	20130834
T	20150326
T	20170412
T	20170437
T	20170530
T	20260123
T	20130814
T	20130754
T	20260434
T	20251016
T	20170642
T	20220247
T	20240410
T	20170644
T	20260209
T	20130624
T	20200512
T	20150111
T	20120726
T	20200511
T	20130349
T	20211215
T	20130817
T	20130810
T	20200510
T	20200514
T	20120905
T	20260326
T	20160220
T	20170607
T	20170641
T	20170611
T	20151217
T	20150332
T	20260442
T	20200508
T	20150327
T	20210131
T	20130517
T	20230340
T	20200509
T	20130404
T	20211255
T	20210932
T	20130731
T	20250844
T	20220315
T	20240816
T	20170643
T	20250604
T	20121007
T	20210254
T	20210146
T	20210909
T	20200513
T	20150328
T	20130634
T	20130734
T	20210286
T	20130617
T	20150330
T	20150254
T	20190755
T	20210314
T	20200110
T	20201039
T	20200355
T	20200452
T	20200632
T	20191211
T	20190943
T	20200920
T	20181051
T	20181040
T	20181108
T	20150357
T	20231204
T	20210369
T	20170451
T	20220250
T	20210820
T	20210753
T	20170546
T	20230435
T	20220834
T	20230605
T	20220959
T	20210445
T	20210528
T	20250306
T	20221024
T	20181025
T	20211125
T	20211257
T	20220915
T	20170411
T	20221013
T	20220510
T	20230218
T	20220421
T	20210301
T	20220821
T	20210267
T	20220851
T	20220901
T	20221130
T	20220934
T	20220207
T	20220902
T	20210144
T	20220866
T	20211214
T	20230311
T	20181024
T	20211009
T	20220948
T	20221147
T	20220906
T	20211141
T	20170552
T	20220843
T	20210436
T	20221136
T	20170413
T	20170452
T	20211027
T	20220918
T	20221039
T	20220848
T	20181023
T	20210941
T	20221120
T	20220909
T	20210702
T	20230621
T	20221009
T	20230832
T	20171034
T	20220916
T	20221263
T	20210851
T	20210355
T	20220853
T	20220837
T	20210542
T	20230237
T	20220920
T	20230101
T	20210830
T	20210928
T	20210182
T	20220913
T	20230144
T	20210150
T	20221127
T	20170418
T	20230722
T	20220810
T	20220830
T	20221123
T	20210201
T	20230848
T	20210257
T	20211226
T	20210151
T	20221051
T	20210336
T	20230349
T	20230705
T	20210656
T	20221036
T	20210522
T	20230115
T	20220911
T	20221139
T	20220817
T	20230228
T	20230124
T	20220931
T	20130527
T	20220862
T	20220854
T	20220812
T	20230819
T	20211120
T	20230239
T	20220526
T	20220502
T	20220905
T	20210343
T	20230629
T	20230604
T	20210903
T	20230406
T	20230339
T	20220631
T	20230543
T	20230122
T	20181022
T	20190354
T	20130317
T	20220824
T	20211272
T	20210809
T	20230557
T	20210410
T	20220822
T	20210425
T	20210719
T	20220828
T	20230859
T	20210506
T	20210623
T	20221233
T	20210159
T	20221001
T	20220860
T	20230320
T	20210637
T	20191122
T	20191125
T	20191137
T	20200956
T	20200964
T	20180620
T	20150413
T	20211014
T	20180621
T	20210129
T	20210645
T	20230335
T	20180619
T	20141230
T	20171236
T	20220367
T	20171237
T	20220266
T	20210870
T	20090907
T	20090513
T	20230936
T	20260825
T	20260828
T	20230623
T	20170656
T	20260857
T	20260833
T	20260824
T	20241212
T	20170655
T	20260820
T	20260849
T	20260770
T	20260842
T	20230713
T	20210345
T	20260817
T	20260827
T	20170653
T	20260843
T	20240521
T	20201061
T	20240505
T	20240120
T	20260823
T	20260858
T	20261002
T	20260760
T	20230940
T	20241104
T	20260650
T	20261003
T	20240138
T	20260818
T	20260772
T	20260834
T	20260861
T	20210340
T	20241012
T	20260855
T	20240606
T	20230533
T	20230912
T	20230551
T	20260850
T	20231002
T	20231023
T	20230545
T	20260806
T	20210361
T	20240608
T	20260819
T	20170654
T	20220475
T	20220553
T	20160621
T	20220305
T	20220334
T	20220347
T	20160624
T	20220460
T	20160631
T	20160630
T	20220955
T	20220957
T	20220362
T	20160626
T	20170428
T	20220382
T	20220968
T	20220469
T	20160702
T	20221011
T	20211249
T	20160627
T	20160726
T	20220324
T	20160703
T	20170470
T	20211213
T	20211227
T	20220566
T	20220406
T	20160628
T	20210603
T	20190404
T	20200148
T	20201127
T	20200537
T	20160618
T	20190940
T	20220353
T	20130727
T	20210328
T	20211136
T	20130526
T	20220506
T	20220423
T	20210421
T	20211240
T	20160227
T	20160712
T	20130352
T	20130344
T	20170557
T	20220614
T	20170618
T	20170560
T	20170604
T	20130213
T	20110709
T	20170613
T	20130126
T	20130110
T	20130111
T	20130112
T	20141082
T	20171227
T	20130214
T	20130313
T	20141081
T	20141083
T	20141084
T	20130836
T	20170603
T	20130314
T	20130311
T	20130127
T	20170606
T	20130525
T	20170608
T	20130315
T	20141086
T	20220626
T	20130628
T	20211003
T	20170561
T	20210658
T	20180406
T	20210507
T	20220635
T	20170636
T	20210350
T	20190919
T	20210148
T	20210176
T	20220466
T	20220814
T	20230337
T	20240315
T	20220560
T	20210441
T	20210147
T	20210249
T	20200625
T	20220513
T	20130326
T	20210321
T	20220624
T	20210466
T	20210138
T	20250818
T	20220607
T	20210555
T	20210353
T	20210460
T	20190724
T	20210407
T	20220625
T	20210842
T	20220461
T	20201234
T	20210453
T	20210332
T	20171009
T	20220927
T	20220345
T	20220850
T	20240401
T	20220240
T	20210271
T	20210521
T	20210549
T	20210380
T	20210272
T	20210437
T	20220620
T	20220616
T	20220611
T	20220454
T	20210756
T	20220813
T	20210738
T	20220735
T	20211145
T	20230109
T	20211211
T	20130524
T	20150303
T	20170714
T	20220603
T	20220613
T	20211108
T	20220474
T	20210935
T	20210905
T	20210290
T	20130318
T	20210375
T	20120619
T	20210526
T	20210259
T	20211028
T	20180776
T	20220264
T	20201240
T	20210916
T	20210174
T	20201227
T	20220842
T	20210141
T	20210365
T	20220939
T	20220733
T	20210166
T	20221044
T	20220637
T	20220630
T	20210245
T	20220375
T	20210403
T	20220722
T	20170730
T	20120743
T	20201254
T	20210464
T	20220801
T	20201274
T	20170505
T	20210415
T	20230243
T	20220846
T	20220205
T	20220747
T	20211271
T	20210236
T	20221019
T	20220446
T	20210430
T	20211121
T	20220511
T	20120518
T	20220847
T	20180630
T	20220622
T	20201232
T	20230344
T	20220752
T	20210901
T	20210712
T	20210181
T	20150131
T	20190218
T	20170447
T	20191008
T	20171041
T	20170824
T	20170626
T	20191017
T	20191024
T	20170446
T	20191025
T	20170444
T	20170450
T	20170829
T	20170629
T	20181026
T	20170448
T	20170828
T	20170443
T	20170826
T	20170825
T	20170823
T	20191012
T	20170659
T	20191020
T	20170627
T	20170449
T	20170628
T	20171040
T	20191027
T	20170630
T	20170445
T	20120718
T	20190925
T	20251206
T	20190950
T	20190909
T	20190920
T	20251131
T	20190935
T	20190938
T	20130220
T	20190945
T	20250826
T	20251009
T	20251142
T	20260206
T	20160801
T	20130725
T	20180634
T	20130724
T	20190732
T	20150544
T	20171042
T	20260769
T	20110216
T	20130512
T	20130627
T	20130515
T	20130728
T	20241004
T	20201226
T	20241005
T	20240108
T	20180618
T	20170657
T	20180890
T	20210309
T	20160535
T	20180515
T	20220239
T	20170634
T	20200927
T	20130320
T	201410F4
T	20180315
T	20220246
T	20210614
T	20160927
T	20140826
T	20120605
T	20130818
T	20170466
T	20150545
T	20150546
T	20170467
T	20170468
T	20190416
T	20150408
T	20100907
T	20130705
T	20200332
T	20191203
T	20120629
T	20211149
T	20120701
T	20120630
T	20220352
T	20120634
T	20210849
T	20210913
T	20220332
T	20220542
T	20210540
T	20120633
T	20220459
T	20220105
T	20210732
T	20211253
T	20220211
T	20120705
T	20220548
T	20120704
T	20120631
T	20171044
T	20170455
T	20170203
T	20161023
T	20170558
T	20250120
T	20171007
T	20170816
T	20170726
T	20170711
T	20170417
T	20160714
T	20160610
T	20170483
T	20170221
T	20170454
T	20190705
T	20200531
T	20200157
T	20190178
T	20190433
T	20200108
T	20181021
T	20190421
T	20200739
T	20190468
T	20231013
T	20240513
T	20230505
T	20200979
T	20250312
T	20200923
T	20130816
T	20150257
T	20170465
T	20130805
T	20130516
T	20150114
T	20170463
T	20170464
T	20171223
T	20171143
T	20171039
T	20171145
T	20171038
T	20180779
T	20180783
T	20171144
T	20251003
T	20200129
T	20230242
T	20230531
T	20200136
T	20221223
T	20220359
T	20230207
T	20210659
T	20240122
T	20200140
T	20220227
T	20200937
T	20260616
T	20220606
T	20260704
T	20220364
T	20200243
T	20220544
T	20260645
T	20221150
T	20220407
T	20220738
T	20260551
T	20211115
T	20230236
T	20200147
T	20220360
T	20221261
T	20210824
T	20190336
T	20200528
T	20130833
T	20190441
T	20190237
T	20220832
T	20190312
T	20130622
T	20130821
T	20200236
